{
      "0x7b35103bFA1bd692BfAD354308139D344A5B087e":15345.163779320368,
      "0x909dE82d392A523c8246E3216a22f110Fe963930":3090.6137651649797,
      "0x8f58C7668Bc1BD09D597B65C2d8525A593708280":523.6364027399453,
      "0x32a59b87352e980dD6aB1bAF462696D28e63525D":2321.860057050207,
      "0x14Ce500a86F1e3aCE039571e657783E069643617":1313215.8054205345,
      "0x8867eF1593F6A72DbbB941D4D96b746A4da691B2":234.36311817283342,
      "0x2eeec2B0d6Ca4f025dB9A871dafA8240663D8043":44890.77636623526,
      "0x897656B1Fb6C3688e48e1DD8259f7E092364754d":3964.20261504828,
      "0x5e17b5C1FFb659C893060FB3B99bEDd4FE4dD1Fa":738.2023741513178,
      "0x79bE42C4D27f9ff82dF6b7D30Dbe5c5C81CbC143":8568.861829058615,
      "0x5924544A57e26b52231597aaa5E0374748C0a127":602.781800393869,
      "0x4F50d47D20380172746527bbeAa274940C38EFAC":12392.860770806947,
      "0x9936bffD822149Cf9cf0722547FA720159Dc5fDa":519.4918036524538,
      "0x4af918825059066c10783B70d97d47EA0a373955":24427.29812144494,
      "0x602B2d2278465eA5823898000140ceF95f2B8D56":15635.064692489528,
      "0x3cdeE3CFE9ff085a70E64f1d45CCC948F71FfC7a":3150.30220824905,
      "0x9e6e344f94305d36eA59912b0911fE2c9149Ed3E":13098.78361207118,
      "0x32464Be3D71ed9105c142FB6bdEe98a0c649cdd3":856.4532364686534,
      "0xA35B52835dc644444881Dd51563d13ad987C148C":9463.554083378529,
      "0x88C23E161302C91dbcA002B548253E2Fe4cd8937":9863.365089576819,
      "0x35F115dCb8f52c9fBD8d025cb2dDC1E1e2dC4357":122.2738820325941,
      "0x162aBb085AaC3C4ca11Db683C6393a030F306408":9312.21394478516,
      "0xE950C23891E41E5bb3fe4a45DdE62752a4BBf9Fb":32379.35816025592,
      "0x52B941dFcFedb261d9b49B26b400793aF674DD89":5221.789163365221,
      "0x55a77F8e6eF4376e2F15e678c8b2f8819E95f538":12256.896198527882,
      "0xf066d8a9a0CCb4558e1e2FdfB67ed5677104a0c8":3440.9562484540565,
      "0x61a17076F014Fd248d72258bC9CCbaEbA49Ccd8C":16611.84408550019,
      "0x0E2C0C7bab3d74fd414DFa794Dd8b52499d0C4Cc":2450.2313810705205,
      "0xD4C2e4Aa47Bd511D2658793DAd7FD682b6E0b6a4":971.7886115115529,
      "0x5802CaaF72342C41d4c022F8cc6a471c532f1da1":983.042293888687,
      "0x61097c84bc54AED8f07cf3e903FAF8a7c64c9859":5999398.820611859,
      "0x97B04C20cA1Cf1E89249B7b7B7462eb382E943e7":20787.310549920705,
      "0x34D6508B607Af072858E64c65cEd6e7993225E32":546.2915857304041,
      "0xce73904422880604e78591fD6c758B0D5106dD50":192.30898948042903,
      "0xc572c95996653ae98Ec3A59d9a511eDA142b98C1":2276.986141003999,
      "0x125A4eBff9dcf72af23bA8D073412E3103b5B92f":131596.4996833662,
      "0x385BAe68690c1b86e2f1Ad75253d080C14fA6e16":3698.8592565117046,
      "0x88e6C88d262B7C6d90A29ff11862e4003F1a2e46":95880.01774728393,
      "0x40862F5a6b104ce7F666f172c509c071bdb42e32":2551.721184405822,
      "0x2b41a71c5767ED3D53678E217fD94264BaBB368b":8585.149288859515,
      "0x4F643fb421F588F5cE3c4aB591e22b04847FdBf3":2190995.263139539,
      "0x780a75E8439D317736d7A18555A963Bb0eA192e6":1163081.4304745283,
      "0x3d723C7DD30BB0F8094D0aad40a8143153f166aA":2618.7229199368758,
      "0x804DCe9E275f0DC3DE604661E4D373E592CaA3fC":3581.1208680256796,
      "0xcB4bBA572B966CA8e6318c04371EBeeFAf51418e":1907.7200877286791,
      "0xCecf555778aa1217347FFADC4015f1F258d85511":8014.612102054644,
      "0xa2175200B7559Ebb1196Cc96daD4d96AC50c3274":53.15896335866465,
      "0xE136d27053217CA35eb7F241b1Dc2c38F6f05e3B":711.5449362018348,
      "0x0c9960DDFe2aC696C5dEe9f9FCb89A3d9104c19E":28.496573246392668,
      "0x624698bb841f344A200Fe6AdB695E8fF695bCad7":1440809.2269056812,
      "0x01975a07D85f8Ec242e46241086889F2CfeD9390":21442.165494539873,
      "0x3EAa8cEA2Bf65b6a6114bF15f0D3B1469d242fCc":13143.929544731996,
      "0xD1A98115cb6ECA88AF2f6Af6C64148CA88B4C6dC":15454.795141497252,
      "0x31c9462E74444c023293A8e1823Db020c3668e98":6948,
      "0x2F91e17B7D313572e22C95cAf702FF215E97C5Fd":1694.405844922111,
      "0x4bb4c1B0745ef7B4642fEECcd0740deC417ca0a0":25156.414439344277,
      "0xaeBcBC09D998823Ce234697148E3f89A26C2ae4B":61754.58670328991,
      "0xC92165B4e7b7899955C73B6002a17f71bFF3A28A":763.7552870359486,
      "0xCFC1D3Ada72e7838cf7DA3cBefa2a26Cbf68cb86":930464.306960909,
      "0x8356abe66202aE657692D255510Ea42589ccF763":68388.45975562578,
      "0xdE392B96C38332C8D6F989D1E29c5cEecE43446F":180.3408665144415,
      "0x2303D01F19D487443692f3189530Be77a9De0912":63544.3847173596,
      "0x8304e08B2812D9ACE616642E4cFddA9af1866F53":167.65906361920392,
      "0x7aDaa3c9d9394EC49A8A4a1a06Dd5873dba4213c":2445.6890824693637,
      "0x9b91831b625076F10a085d4b9Be35e6dDc8485a7":58430.65465449931,
      "0x4E60bE84870FE6AE350B563A121042396Abe1eaF":10642.437147011782,
      "0xF92aF337e80460cfddE01523A2a9fA9EaDe4D79a":334.30212985578936,
      "0xDbf89CD59be33232431BD812679c59De7b4705Ee":1150.7291111418053,
      "0x9e49F174975E78B8ABb47C5e707C1CCE1E6A16ab":3979.4080701329376,
      "0x2Bae98daA7a2b6A280ecf7BE8F07d4A535fe2FBF":5.830532215428004,
      "0xB95bC1eEaACfAC0410928b570058eCBe49D95A11":1153.0619181272225,
      "0x0a5D300f2aaebb0DD0527696AA67cf8d648a7d7f":1099.394397967929,
      "0x0801bF44246De1D4Ffd54F9675b110e50d83c3DB":10892.279887335548,
      "0x9E6bFf429763995B8F488b4Af651cc40cDb88b6d":8390.656884123799,
      "0xfb0f37C0456d60eDEd9b64442dFB0C4847CdD06A":5249.183995808755,
      "0x1e7651997235890cF625c3d3b129275a17f1889c":13739.71653779473,
      "0xD1134f6e28AB3b75500378b47250d6d88E0C1BB0":51.96540200443846,
      "0xbf360265f2716e119DFb6B5Bc0D1989762256F69":109.99092680887715,
      "0x39E9b572a2042139C6D8a27C92F892b1d22C1214":522.2813047472746,
      "0xae52F60ffC093Cf569aAF4a48657cb984e122ab3":5586.1948047626665,
      "0xeC088B98965ED94Cc33e4C0bdcaa291568420799":6124.717632162075,
      "0x3d850dd2Ce37F6c930FF8D0074AcE3d63DcA246d":7351.773470023842,
      "0x1f93fECaE2E3d705564244841A6Eed2aCe1fb928":1098.8080650178993,
      "0xE5B2124767F10D21F643Db08E4eBf0f17250d582":3025.443573818723,
      "0xd657860fC512EC2250A7385A353f599e3276FDDB":278.6860174904776,
      "0x2e14f91E8e758657549aAc91d1F2C7497aCEb4AE":2426.444004009393,
      "0xD27F489302B5798240A96BA78E7E32082e88cb8f":63742.75964308773,
      "0x88B6CaCe7C485db4a33f4dA78d10abCe5820467F":124465.98154913305,
      "0xbe4f0cdf3834bD876813A1037137DcFAD79AcD99":18201.05098592624,
      "0x7F248e4301F5A16B2a8289989584A509f7157845":156.7589683391084,
      "0xf7fC1152b5cC638bf82504aa94d1986D33A6eEC4":1807.3433676151935,
      "0x1bab5FffffEbB09AdcF345773c5AC51eCea24c86":1499.4969056707869,
      "0xA20f9874dD1EdcCBEC1BEDA894f98F45069E4205":1586.4970455225114,
      "0x669AfA676b680320f8806fe7C2C21184958B13c5":473.65277251138394,
      "0x228dEd9e486f8e00510fD8AB64fF684D6f941250":2792.7857397794037,
      "0x79d4D0df5733222047Fc73e6097a144F51350009":12729.88882099026,
      "0x64120E6caCa999D7D43b69b4E6212c6fcB20e36a":77640.43107270036,
      "0x23ABb5FE2Bdd8362A521816EB495021681253264":688.3472019878506,
      "0x40Cd550DA38123978eD25826bbc22935a3553C15":8611.642616654359,
      "0xa8712494c6CCeF4C36cb8c037Ac63d0154006b58":439.8630883305993,
      "0x9D3ad810A0e94023Db1e9fb6813F105684c7d759":1300.5810842103895,
      "0x6294937fb9dbD74e9E565dBf18dc9fd830902E31":890.4135189266576,
      "0xc2B35534e47cdF3D787e01630129631d8270abFb":26.694153047198242,
      "0x8efFF2ef7c41b8B723435c774B45e24597e4343d":20042.224299828104,
      "0x9749FC1cc2c0A1A192A0Bae614D9D4881c0E0bC8":41.32017288447052,
      "0x1EeF9b7B06062f1786fd99Aea49Ade90cCa4c516":941.4845471903734,
      "0x82e5290C810539e120193DFA8B1C1207BAd89FAB":10906.816451240507,
      "0xC02ad7b9a9121fc849196E844DC869D2250DF3A6":942104.2828417344,
      "0x135Ebc1Adb78543cc6d083705B8c9F0777a8f6FB":228.38677185099098,
      "0x0cD46345CD68e38f08280cFB24Dc0A0dFF8bBf6f":8168.031717601246,
      "0x71d333d8E8DA603B0647b0cA21a99D21F5345aAA":18890.76116903633,
      "0x34941902A7A325F7b941ae070Cb9A82Bce85093d":142637.51392532344,
      "0x2Bd54BC94086999fC02918962ABdc5657A378Ba3":27821.819640180416,